lochRegion,bearing
1,-0.23651453636043512
2,-3.0008624595995665
3,-2.828891625906926
4,-2.2482565009294135
5,2.9961305517005097
6,-2.8785979219088853
7,-2.2258576142435906
