lochRegion,bearing
1,2.9050781172293583
2,0.14073019399022665
3,0.3127010276828675
4,0.8933361526603797
5,-0.14546210188928355
6,0.26299473168090776
7,0.9022350876803946
8,2.7136441572683077
9,0.9562175745978664
